N,k,Flux,MeasureN
1,0.107429,1,1
1,0.107477,1,2
1,0,0,3
1,0.107521,1,4
2,0.215338,2,1
2,0.215401,2,2
2,0.21546,2,3
2,0,0,4
3,0.215789,2,1
3,0.323602,3,2
3,0.323517,3,3
3,0.323432,3,4
4,0.43173,4,1
4,0.215674,2,2
4,0.431776,4,3
4,0.431728,4,4
5,0.539872,5,1
5,0.323211,3,2
5,0.538945,5,3
5,0.32336,3,4
6,0.540139,5,1
6,0.647683,6,2
6,0.539524,5,3
6,0.539545,5,4
7,0.537819,5,1
7,0.645852,6,2
7,0.645131,6,3
7,0.536768,5,4
