N,k,Flux,MeasureN
1,0,0,1
1,0.107443,1,2
1,0.10749,1,3
1,0.107533,1,4
