N,k,Flux,MeasureN
1,0.107429,1,1
1,0.107477,1,2
1,0,0,3
1,0.107521,1,4
2,0.215338,2,1
2,0.215401,2,2
2,0.21546,2,3
2,0,0,4
3,0.215789,2,1
3,0.323602,3,2
3,0.323517,3,3
3,0.323432,3,4
