N,rho,V
1,0.0004435,100.486
2,0.000887,100.272
3,0.0013305,100.139
