N,rho,V
1,0.0004435,100.462
2,0.000887,99.6469
3,0.0013305,100.184
4,0.001774,100.411
5,0.0022175,100.063
6,0.002661,100.187
7,0.0031045,100.273
8,0.003548,100.077
9,0.0039915,100.364
10,0.004435,100.588
11,0.0048785,100.237
12,0.005322,100.242
13,0.0057655,100.157
14,0.006209,100.089
15,0.0066525,100.299
16,0.007096,100.124
17,0.0075395,100.093
18,0.007983,100.047
19,0.0084265,100.067
20,0.00887,100.116
21,0.0093135,100.171
288,0.127728,58.0164
