N,rho,V
1,0.0004435,100.486
2,0.000887,100.272
3,0.0013305,100.139
4,0.001774,100.057
5,0.0022175,100.138
6,0.002661,100.069
7,0.0031045,100.417
